_id,category,id,name,nutrient,unit,value,,,,
5c9fc0fb14910f37d830d37d,vegetables,11011,"Asparagus, raw",Protein,g,2.2,,,,
5c9fc0fb14910f37d830d37e,vegetables,11011,"Asparagus, raw",Total lipid (fat),g,0.12,,,,
5c9fc0fb14910f37d830d37f,vegetables,11011,"Asparagus, raw","Carbohydrate, by difference",g,3.88,,,,
5c9fc0fb14910f37d830d384,vegetables,11080,"Beets, raw",Protein,g,1.61,,,,
5c9fc0fb14910f37d830d385,vegetables,11080,"Beets, raw",Total lipid (fat),g,0.17,,,,
5c9fc0fb14910f37d830d386,vegetables,11080,"Beets, raw","Carbohydrate, by difference",g,9.56,,,,
5c9fc0fb14910f37d830d38b,vegetables,11090,"Broccoli, raw",Protein,g,2.82,,,,
5c9fc0fb14910f37d830d38c,vegetables,11090,"Broccoli, raw",Total lipid (fat),g,0.37,,,,
5c9fc0fb14910f37d830d38d,vegetables,11090,"Broccoli, raw","Carbohydrate, by difference",g,6.64,,,,
5c9fc0fb14910f37d830d392,vegetables,11109,"Cabbage, raw",Protein,g,1.28,,,,
5c9fc0fb14910f37d830d393,vegetables,11109,"Cabbage, raw",Total lipid (fat),g,0.1,,,,
5c9fc0fb14910f37d830d394,vegetables,11109,"Cabbage, raw","Carbohydrate, by difference",g,5.8,,,,
5c9fc0fb14910f37d830d399,vegetables,11124,"Carrots, raw",Protein,g,0.93,,,,
5c9fc0fb14910f37d830d39a,vegetables,11124,"Carrots, raw",Total lipid (fat),g,0.24,,,,
5c9fc0fb14910f37d830d39b,vegetables,11124,"Carrots, raw","Carbohydrate, by difference",g,9.58,,,,
5c9fc0fb14910f37d830d3a0,vegetables,11135,"Cauliflower, raw",Protein,g,1.92,,,,
5c9fc0fb14910f37d830d3a1,vegetables,11135,"Cauliflower, raw",Total lipid (fat),g,0.28,,,,
5c9fc0fb14910f37d830d3a2,vegetables,11135,"Cauliflower, raw","Carbohydrate, by difference",g,4.97,,,,
5c9fc0fb14910f37d830d3a7,vegetables,11143,"Celery, raw",Protein,g,0.69,,,,
5c9fc0fb14910f37d830d3a8,vegetables,11143,"Celery, raw",Total lipid (fat),g,0.17,,,,
5c9fc0fb14910f37d830d3a9,vegetables,11143,"Celery, raw","Carbohydrate, by difference",g,2.97,,,,
5c9fc0fb14910f37d830d3ae,vegetables,11205,"Cucumber, with peel, raw",Protein,g,0.65,,,,
5c9fc0fb14910f37d830d3af,vegetables,11205,"Cucumber, with peel, raw",Total lipid (fat),g,0.11,,,,
5c9fc0fb14910f37d830d3b0,vegetables,11205,"Cucumber, with peel, raw","Carbohydrate, by difference",g,3.63,,,,
5c9fc0fb14910f37d830d3b5,vegetables,11210,"Eggplant, cooked, boiled, drained, without salt",Protein,g,0.83,,,,
5c9fc0fb14910f37d830d3b6,vegetables,11210,"Eggplant, cooked, boiled, drained, without salt",Total lipid (fat),g,0.23,,,,
5c9fc0fb14910f37d830d3b7,vegetables,11210,"Eggplant, cooked, boiled, drained, without salt","Carbohydrate, by difference",g,8.73,,,,
5c9fc0fb14910f37d830d3bc,vegetables,11238,"Mushrooms, shiitake, raw",Protein,g,2.24,,,,
5c9fc0fb14910f37d830d3bd,vegetables,11238,"Mushrooms, shiitake, raw",Total lipid (fat),g,0.49,,,,
5c9fc0fb14910f37d830d3be,vegetables,11238,"Mushrooms, shiitake, raw","Carbohydrate, by difference",g,6.79,,,,
5c9fc0fb14910f37d830d3c3,vegetables,11248,"Lentils, sprouted, raw",Protein,g,8.96,,,,
5c9fc0fb14910f37d830d3c4,vegetables,11248,"Lentils, sprouted, raw",Total lipid (fat),g,0.55,,,,
5c9fc0fb14910f37d830d3c5,vegetables,11248,"Lentils, sprouted, raw","Carbohydrate, by difference",g,22.14,,,,
5c9fc0fb14910f37d830d3ca,vegetables,11253,"Lettuce, green leaf, raw",Protein,g,1.36,,,0.005,0.005
5c9fc0fb14910f37d830d3cb,vegetables,11253,"Lettuce, green leaf, raw",Total lipid (fat),g,0.15,,,0.004,0.004
5c9fc0fb14910f37d830d3cc,vegetables,11253,"Lettuce, green leaf, raw","Carbohydrate, by difference",g,2.87,,,0.017,0.017
5c9fc0fb14910f37d830d3d1,vegetables,11294,"Onions, sweet, raw",Protein,g,0.8,,,0.485,0.485
5c9fc0fb14910f37d830d3d2,vegetables,11294,"Onions, sweet, raw",Total lipid (fat),g,0.08,,,0.217,0.217
5c9fc0fb14910f37d830d3d3,vegetables,11294,"Onions, sweet, raw","Carbohydrate, by difference",g,7.55,,,0.012,0.012
5c9fc0fb14910f37d830d3d8,vegetables,11304,"Peas, green, raw",Protein,g,5.42,,,0.052,0.052
5c9fc0fb14910f37d830d3d9,vegetables,11304,"Peas, green, raw",Total lipid (fat),g,0.4,,,,
5c9fc0fb14910f37d830d3da,vegetables,11304,"Peas, green, raw","Carbohydrate, by difference",g,14.45,,,,
5c9fc0fb14910f37d830d3df,vegetables,11333,"Peppers, sweet, green, raw",Protein,g,0.86,,,,
5c9fc0fb14910f37d830d3e0,vegetables,11333,"Peppers, sweet, green, raw",Total lipid (fat),g,0.17,,,,
5c9fc0fb14910f37d830d3e1,vegetables,11333,"Peppers, sweet, green, raw","Carbohydrate, by difference",g,4.64,,,,
5c9fc0fb14910f37d830d3e6,vegetables,11357,"Potatoes, white, flesh and skin, baked",Protein,g,2.1,,,,
5c9fc0fb14910f37d830d3e7,vegetables,11357,"Potatoes, white, flesh and skin, baked",Total lipid (fat),g,0.15,,,,
5c9fc0fb14910f37d830d3e8,vegetables,11357,"Potatoes, white, flesh and skin, baked","Carbohydrate, by difference",g,21.08,,,,
5c9fc0fb14910f37d830d3ed,vegetables,11484,"Squash, winter, acorn, cooked, boiled, mashed, without salt",Protein,g,0.67,,,,
5c9fc0fb14910f37d830d3ee,vegetables,11484,"Squash, winter, acorn, cooked, boiled, mashed, without salt",Total lipid (fat),g,0.08,,,,
5c9fc0fb14910f37d830d3ef,vegetables,11484,"Squash, winter, acorn, cooked, boiled, mashed, without salt","Carbohydrate, by difference",g,8.79,,,,
5c9fc0fb14910f37d830d3f4,vegetables,11695,"Tomatoes, orange, raw",Protein,g,1.16,,,,
5c9fc0fb14910f37d830d3f5,vegetables,11695,"Tomatoes, orange, raw",Total lipid (fat),g,0.19,,,,
5c9fc0fb14910f37d830d3f6,vegetables,11695,"Tomatoes, orange, raw","Carbohydrate, by difference",g,3.18,,,,
5c9fc0fb14910f37d830d3fb,vegetables,11932,"Beans, snap, yellow, canned, regular pack, drained solids",Protein,g,1.15,,,,
5c9fc0fb14910f37d830d3fc,vegetables,11932,"Beans, snap, yellow, canned, regular pack, drained solids",Total lipid (fat),g,0.1,,,,
5c9fc0fb14910f37d830d3fd,vegetables,11932,"Beans, snap, yellow, canned, regular pack, drained solids","Carbohydrate, by difference",g,4.5,,,,
5c9fc0fb14910f37d830d402,vegetables,11705,"Asparagus, cooked, boiled, drained, with salt",Protein,g,2.4,,,,
5c9fc0fb14910f37d830d403,vegetables,11705,"Asparagus, cooked, boiled, drained, with salt",Total lipid (fat),g,0.22,,,,
5c9fc0fb14910f37d830d404,vegetables,11705,"Asparagus, cooked, boiled, drained, with salt","Carbohydrate, by difference",g,4.11,,,,
5c9fc0fb14910f37d830d409,vegetables,11215,"Garlic, raw",Protein,g,6.36,,,,
5c9fc0fb14910f37d830d40a,vegetables,11215,"Garlic, raw",Total lipid (fat),g,0.5,,,,
5c9fc0fb14910f37d830d40b,vegetables,11215,"Garlic, raw","Carbohydrate, by difference",g,33.06,,,,
5c9fc0fb14910f37d830d410,vegetables,11233,"Kale, raw",Protein,g,2.92,,,,
5c9fc0fb14910f37d830d411,vegetables,11233,"Kale, raw",Total lipid (fat),g,1.49,,,,
5c9fc0fb14910f37d830d412,vegetables,11233,"Kale, raw","Carbohydrate, by difference",g,4.42,,,,
5c9fc0fb14910f37d830d417,vegetables,11007,"Artichokes, (globe or french), raw",Protein,g,3.27,,,,
5c9fc0fb14910f37d830d418,vegetables,11007,"Artichokes, (globe or french), raw",Total lipid (fat),g,0.15,,,,
5c9fc0fb14910f37d830d419,vegetables,11007,"Artichokes, (globe or french), raw","Carbohydrate, by difference",g,10.51,,,,
5c9fc0fb14910f37d830d41e,grains,28319,"Bagels, whole grain white",Protein,g,9.3,,,,
5c9fc0fb14910f37d830d41f,grains,28319,"Bagels, whole grain white",Total lipid (fat),g,0,,,,
5c9fc0fb14910f37d830d420,grains,28319,"Bagels, whole grain white","Carbohydrate, by difference",g,54.52,,,,
5c9fc0fb14910f37d830d425,grains,20062,Rye grain,Protein,g,10.34,,,,
5c9fc0fb14910f37d830d426,grains,20062,Rye grain,Total lipid (fat),g,1.63,,,,
5c9fc0fb14910f37d830d427,grains,20062,Rye grain,"Carbohydrate, by difference",g,75.86,,,,
5c9fc0fb14910f37d830d42c,grains,20014,"Corn grain, yellow",Protein,g,9.42,,,,
5c9fc0fb14910f37d830d42d,grains,20014,"Corn grain, yellow",Total lipid (fat),g,4.74,,,,
5c9fc0fb14910f37d830d42e,grains,20014,"Corn grain, yellow","Carbohydrate, by difference",g,74.26,,,,
5c9fc0fb14910f37d830d433,grains,20016,"Corn flour, whole-grain, yellow",Protein,g,6.93,,,,
5c9fc0fb14910f37d830d434,grains,20016,"Corn flour, whole-grain, yellow",Total lipid (fat),g,3.86,,,,
5c9fc0fb14910f37d830d435,grains,20016,"Corn flour, whole-grain, yellow","Carbohydrate, by difference",g,76.85,,,,
5c9fc0fb14910f37d830d43a,grains,20044,"Rice, white, long-grain, regular, raw, enriched",Protein,g,7.13,,,,
5c9fc0fb14910f37d830d43b,grains,20044,"Rice, white, long-grain, regular, raw, enriched",Total lipid (fat),g,0.66,,,,
5c9fc0fb14910f37d830d43c,grains,20044,"Rice, white, long-grain, regular, raw, enriched","Carbohydrate, by difference",g,79.95,,,,
5c9fc0fb14910f37d830d441,grains,20135,"Pasta, whole grain, 51% whole wheat, remaining unenriched semolina, dry",Protein,g,13.51,,,,
5c9fc0fb14910f37d830d442,grains,20135,"Pasta, whole grain, 51% whole wheat, remaining unenriched semolina, dry",Total lipid (fat),g,2.68,,,,
5c9fc0fb14910f37d830d443,grains,20135,"Pasta, whole grain, 51% whole wheat, remaining unenriched semolina, dry","Carbohydrate, by difference",g,73.1,,,,
5c9fc0fb14910f37d830d448,grains,20649,"Wheat flour, whole-grain, soft wheat",Protein,g,9.61,,,,
5c9fc0fb14910f37d830d449,grains,20649,"Wheat flour, whole-grain, soft wheat",Total lipid (fat),g,1.95,,,,
5c9fc0fb14910f37d830d44a,grains,20649,"Wheat flour, whole-grain, soft wheat","Carbohydrate, by difference",g,74.48,,,,
5c9fc0fb14910f37d830d44f,grains,20091,"Pasta, gluten-free, corn, dry",Protein,g,7.46,,,,
5c9fc0fb14910f37d830d450,grains,20091,"Pasta, gluten-free, corn, dry",Total lipid (fat),g,2.08,,,,
5c9fc0fb14910f37d830d451,grains,20091,"Pasta, gluten-free, corn, dry","Carbohydrate, by difference",g,79.26,,,,
5c9fc0fb14910f37d830d456,grains,20657,"Pasta, gluten-free, corn and rice flour, cooked",Protein,g,3.2,,,,
5c9fc0fb14910f37d830d457,grains,20657,"Pasta, gluten-free, corn and rice flour, cooked",Total lipid (fat),g,1,,,,
5c9fc0fb14910f37d830d458,grains,20657,"Pasta, gluten-free, corn and rice flour, cooked","Carbohydrate, by difference",g,38.05,,,,
5c9fc0fb14910f37d830d45d,grains,20120,"Pasta, dry, enriched",Protein,g,13.04,,,,
5c9fc0fb14910f37d830d45e,grains,20120,"Pasta, dry, enriched",Total lipid (fat),g,1.51,,,,
5c9fc0fb14910f37d830d45f,grains,20120,"Pasta, dry, enriched","Carbohydrate, by difference",g,74.67,,,,
5c9fc0fb14910f37d830d464,grains,12147,"Nuts, pine nuts, dried",Protein,g,13.69,,,,
5c9fc0fb14910f37d830d465,grains,12147,"Nuts, pine nuts, dried",Total lipid (fat),g,68.37,,,,
5c9fc0fb14910f37d830d466,grains,12147,"Nuts, pine nuts, dried","Carbohydrate, by difference",g,13.08,,,,
5c9fc0fb14910f37d830d46b,grains,12586,"Nuts, cashew nuts, oil roasted, with salt added",Protein,g,16.84,,,,
5c9fc0fb14910f37d830d46c,grains,12586,"Nuts, cashew nuts, oil roasted, with salt added",Total lipid (fat),g,47.77,,,,
5c9fc0fb14910f37d830d46d,grains,12586,"Nuts, cashew nuts, oil roasted, with salt added","Carbohydrate, by difference",g,30.16,,,,
5c9fc0fb14910f37d830d472,grains,12104,"Nuts, coconut meat, raw",Protein,g,3.33,,,,
5c9fc0fb14910f37d830d473,grains,12104,"Nuts, coconut meat, raw",Total lipid (fat),g,33.49,,,,
5c9fc0fb14910f37d830d474,grains,12104,"Nuts, coconut meat, raw","Carbohydrate, by difference",g,15.23,,,,
5c9fc0fb14910f37d830d479,grains,12155,"Nuts, walnuts, english",Protein,g,15.23,,,,
5c9fc0fb14910f37d830d47a,grains,12155,"Nuts, walnuts, english",Total lipid (fat),g,65.21,,,,
5c9fc0fb14910f37d830d47b,grains,12155,"Nuts, walnuts, english","Carbohydrate, by difference",g,13.71,,,,
5c9fc0fb14910f37d830d480,grains,12063,"Nuts, almonds, dry roasted, without salt added",Protein,g,20.96,,,,
5c9fc0fb14910f37d830d481,grains,12063,"Nuts, almonds, dry roasted, without salt added",Total lipid (fat),g,52.54,,,,
5c9fc0fb14910f37d830d482,grains,12063,"Nuts, almonds, dry roasted, without salt added","Carbohydrate, by difference",g,21.01,,,,
5c9fc0fb14910f37d830d487,grains,20648,"Sorghum flour, whole-grain",Protein,g,8.43,,,,
5c9fc0fb14910f37d830d488,grains,20648,"Sorghum flour, whole-grain",Total lipid (fat),g,3.34,,,,
5c9fc0fb14910f37d830d489,grains,20648,"Sorghum flour, whole-grain","Carbohydrate, by difference",g,76.64,,,,
5c9fc0fb14910f37d830d48e,grains,18017,"Biscuits, mixed grain, refrigerated dough",Protein,g,6.1,,,,
5c9fc0fb14910f37d830d48f,grains,18017,"Biscuits, mixed grain, refrigerated dough",Total lipid (fat),g,5.6,,,,
5c9fc0fb14910f37d830d490,grains,18017,"Biscuits, mixed grain, refrigerated dough","Carbohydrate, by difference",g,47.4,,,,
5c9fc0fb14910f37d830d495,grains,18260,"Muffins, English, mixed-grain (includes granola)",Protein,g,9.1,,,,
5c9fc0fb14910f37d830d496,grains,18260,"Muffins, English, mixed-grain (includes granola)",Total lipid (fat),g,1.8,,,,
5c9fc0fb14910f37d830d497,grains,18260,"Muffins, English, mixed-grain (includes granola)","Carbohydrate, by difference",g,46.3,,,,
5c9fc0fb14910f37d830d49c,grains,18351,"Rolls, hamburger or hotdog, mixed-grain",Protein,g,9.6,,,,
5c9fc0fb14910f37d830d49d,grains,18351,"Rolls, hamburger or hotdog, mixed-grain",Total lipid (fat),g,6,,,,
5c9fc0fb14910f37d830d49e,grains,18351,"Rolls, hamburger or hotdog, mixed-grain","Carbohydrate, by difference",g,44.6,,,,
5c9fc0fb14910f37d830d4a3,grains,21611,"School Lunch, chicken nuggets, whole grain breaded",Protein,g,15.67,,,,
5c9fc0fb14910f37d830d4a4,grains,21611,"School Lunch, chicken nuggets, whole grain breaded",Total lipid (fat),g,12.9,,,,
5c9fc0fb14910f37d830d4a5,grains,21611,"School Lunch, chicken nuggets, whole grain breaded","Carbohydrate, by difference",g,22.86,,,,
5c9fc0fb14910f37d830d4aa,grains,42265,"Cereals ready-to-eat, POST, GREAT GRAINS, Raisin, Date & Pecan",Protein,g,7.9,,,,
5c9fc0fb14910f37d830d4ab,grains,42265,"Cereals ready-to-eat, POST, GREAT GRAINS, Raisin, Date & Pecan",Total lipid (fat),g,7.1,,,,
5c9fc0fb14910f37d830d4ac,grains,42265,"Cereals ready-to-eat, POST, GREAT GRAINS, Raisin, Date & Pecan","Carbohydrate, by difference",g,74.3,,,,
5c9fc0fb14910f37d830d4b1,grains,42261,"Cereals ready-to-eat, POST, GREAT GRAINS Crunchy Pecan Cereal",Protein,g,9,,,,
5c9fc0fb14910f37d830d4b2,grains,42261,"Cereals ready-to-eat, POST, GREAT GRAINS Crunchy Pecan Cereal",Total lipid (fat),g,10.5,,,,
5c9fc0fb14910f37d830d4b3,grains,42261,"Cereals ready-to-eat, POST, GREAT GRAINS Crunchy Pecan Cereal","Carbohydrate, by difference",g,73,,,,
5c9fc0fb14910f37d830d4b8,grains,28326,"Crackers, whole grain, sandwich-type, with peanut butter filling",Protein,g,14.12,,,,
5c9fc0fb14910f37d830d4b9,grains,28326,"Crackers, whole grain, sandwich-type, with peanut butter filling",Total lipid (fat),g,21.18,,,,
5c9fc0fb14910f37d830d4ba,grains,28326,"Crackers, whole grain, sandwich-type, with peanut butter filling","Carbohydrate, by difference",g,54.59,,,,
5c9fc0fb14910f37d830d4bf,grains,20036,"Rice, brown, long-grain, raw (Includes foods for USDA's Food Distribution Program)",Protein,g,7.54,,,,
5c9fc0fb14910f37d830d4c0,grains,20036,"Rice, brown, long-grain, raw (Includes foods for USDA's Food Distribution Program)",Total lipid (fat),g,3.2,,,,
5c9fc0fb14910f37d830d4c1,grains,20036,"Rice, brown, long-grain, raw (Includes foods for USDA's Food Distribution Program)","Carbohydrate, by difference",g,76.25,,,,
5c9fc0fb14910f37d830d4c6,dairy,1004,"Cheese, blue",Protein,g,21.4,,,,
5c9fc0fb14910f37d830d4c7,dairy,1004,"Cheese, blue",Total lipid (fat),g,28.74,,,,
5c9fc0fb14910f37d830d4c8,dairy,1004,"Cheese, blue","Carbohydrate, by difference",g,2.34,,,,
5c9fc0fb14910f37d830d4cd,dairy,1040,"Cheese, swiss",Protein,g,26.96,,,,
5c9fc0fb14910f37d830d4ce,dairy,1040,"Cheese, swiss",Total lipid (fat),g,30.99,,,,
5c9fc0fb14910f37d830d4cf,dairy,1040,"Cheese, swiss","Carbohydrate, by difference",g,1.44,,,,
5c9fc0fb14910f37d830d4d4,dairy,1132,"Egg, whole, cooked, scrambled",Protein,g,9.99,,,,
5c9fc0fb14910f37d830d4d5,dairy,1132,"Egg, whole, cooked, scrambled",Total lipid (fat),g,10.98,,,,
5c9fc0fb14910f37d830d4d6,dairy,1132,"Egg, whole, cooked, scrambled","Carbohydrate, by difference",g,1.61,,,,
5c9fc0fb14910f37d830d4db,dairy,1001,"Butter, salted",Protein,g,0.85,,,,
5c9fc0fb14910f37d830d4dc,dairy,1001,"Butter, salted",Total lipid (fat),g,81.11,,,,
5c9fc0fb14910f37d830d4dd,dairy,1001,"Butter, salted","Carbohydrate, by difference",g,0.06,,,,
5c9fc0fb14910f37d830d4e2,dairy,1009,"Cheese, cheddar (Includes foods for USDA's Food Distribution Program)",Protein,g,22.87,,,,
5c9fc0fb14910f37d830d4e3,dairy,1009,"Cheese, cheddar (Includes foods for USDA's Food Distribution Program)",Total lipid (fat),g,33.31,,,,
5c9fc0fb14910f37d830d4e4,dairy,1009,"Cheese, cheddar (Includes foods for USDA's Food Distribution Program)","Carbohydrate, by difference",g,3.37,,,,
5c9fc0fb14910f37d830d4e9,dairy,1053,"Cream, fluid, heavy whipping",Protein,g,2.84,,,,
5c9fc0fb14910f37d830d4ea,dairy,1053,"Cream, fluid, heavy whipping",Total lipid (fat),g,36.08,,,,
5c9fc0fb14910f37d830d4eb,dairy,1053,"Cream, fluid, heavy whipping","Carbohydrate, by difference",g,2.84,,,,
5c9fc0fb14910f37d830d4f0,dairy,1082,"Milk, lowfat, fluid, 1% milkfat, with added vitamin A and vitamin D",Protein,g,3.37,,,,
5c9fc0fb14910f37d830d4f1,dairy,1082,"Milk, lowfat, fluid, 1% milkfat, with added vitamin A and vitamin D",Total lipid (fat),g,0.97,,,,
5c9fc0fb14910f37d830d4f2,dairy,1082,"Milk, lowfat, fluid, 1% milkfat, with added vitamin A and vitamin D","Carbohydrate, by difference",g,4.99,,,,
5c9fc0fb14910f37d830d4f7,dairy,1117,"Yogurt, plain, low fat",Protein,g,5.25,,,,
5c9fc0fb14910f37d830d4f8,dairy,1117,"Yogurt, plain, low fat",Total lipid (fat),g,1.55,,,,
5c9fc0fb14910f37d830d4f9,dairy,1117,"Yogurt, plain, low fat","Carbohydrate, by difference",g,7.04,,,,
5c9fc0fb14910f37d830d4fe,dairy,1287,"Yogurt, Greek, plain, lowfat",Protein,g,9.95,,,,
5c9fc0fb14910f37d830d4ff,dairy,1287,"Yogurt, Greek, plain, lowfat",Total lipid (fat),g,1.92,,,,
5c9fc0fb14910f37d830d500,dairy,1287,"Yogurt, Greek, plain, lowfat","Carbohydrate, by difference",g,3.94,,,,
5c9fc0fb14910f37d830d505,dairy,1323,"Butter, Clarified butter (ghee)",Protein,g,0,,,,
5c9fc0fb14910f37d830d506,dairy,1323,"Butter, Clarified butter (ghee)",Total lipid (fat),g,100,,,,
5c9fc0fb14910f37d830d507,dairy,1323,"Butter, Clarified butter (ghee)","Carbohydrate, by difference",g,0,,,,
5c9fc0fb14910f37d830d50c,dairy,1229,"Cheese, white, queso blanco",Protein,g,20.38,,,,
5c9fc0fb14910f37d830d50d,dairy,1229,"Cheese, white, queso blanco",Total lipid (fat),g,24.31,,,,
5c9fc0fb14910f37d830d50e,dairy,1229,"Cheese, white, queso blanco","Carbohydrate, by difference",g,2.53,,,,
5c9fc0fb14910f37d830d513,dairy,1145,"Butter, without salt",Protein,g,0.85,,,,
5c9fc0fb14910f37d830d514,dairy,1145,"Butter, without salt",Total lipid (fat),g,81.11,,,,
5c9fc0fb14910f37d830d515,dairy,1145,"Butter, without salt","Carbohydrate, by difference",g,0.06,,,,
5c9fc0fb14910f37d830d51a,dairy,1159,"Cheese, goat, soft type",Protein,g,18.52,,,,
5c9fc0fb14910f37d830d51b,dairy,1159,"Cheese, goat, soft type",Total lipid (fat),g,21.08,,,,
5c9fc0fb14910f37d830d51c,dairy,1159,"Cheese, goat, soft type","Carbohydrate, by difference",g,0,,,,
5c9fc0fb14910f37d830d521,dairy,1057,Eggnog,Protein,g,4.55,,,,
5c9fc0fb14910f37d830d522,dairy,1057,Eggnog,Total lipid (fat),g,4.19,,,,
5c9fc0fb14910f37d830d523,dairy,1057,Eggnog,"Carbohydrate, by difference",g,8.05,,,,
5c9fc0fb14910f37d830d528,dairy,1077,"Milk, whole, 3.25% milkfat, with added vitamin D",Protein,g,3.15,,,,
5c9fc0fb14910f37d830d529,dairy,1077,"Milk, whole, 3.25% milkfat, with added vitamin D",Total lipid (fat),g,3.25,,,,
5c9fc0fb14910f37d830d52a,dairy,1077,"Milk, whole, 3.25% milkfat, with added vitamin D","Carbohydrate, by difference",g,4.8,,,,
5c9fc0fb14910f37d830d52f,dairy,1032,"Cheese, parmesan, grated",Protein,g,28.42,,,,
5c9fc0fb14910f37d830d530,dairy,1032,"Cheese, parmesan, grated",Total lipid (fat),g,27.84,,,,
5c9fc0fb14910f37d830d531,dairy,1032,"Cheese, parmesan, grated","Carbohydrate, by difference",g,13.91,,,,
5c9fc0fb14910f37d830d536,dairy,1012,"Cheese, cottage, creamed, large or small curd",Protein,g,11.12,,,,
5c9fc0fb14910f37d830d537,dairy,1012,"Cheese, cottage, creamed, large or small curd",Total lipid (fat),g,4.3,,,,
5c9fc0fb14910f37d830d538,dairy,1012,"Cheese, cottage, creamed, large or small curd","Carbohydrate, by difference",g,3.38,,,,
5c9fc0fb14910f37d830d53d,dairy,1015,"Cheese, cottage, lowfat, 2% milkfat",Protein,g,10.45,,,,
5c9fc0fb14910f37d830d53e,dairy,1015,"Cheese, cottage, lowfat, 2% milkfat",Total lipid (fat),g,2.27,,,,
5c9fc0fb14910f37d830d53f,dairy,1015,"Cheese, cottage, lowfat, 2% milkfat","Carbohydrate, by difference",g,4.76,,,,
5c9fc0fb14910f37d830d544,dairy,1017,"Cheese, cream",Protein,g,6.15,,,,
5c9fc0fb14910f37d830d545,dairy,1017,"Cheese, cream",Total lipid (fat),g,34.44,,,,
5c9fc0fb14910f37d830d546,dairy,1017,"Cheese, cream","Carbohydrate, by difference",g,5.52,,,,
5c9fc0fb14910f37d830d54b,dairy,1019,"Cheese, feta",Protein,g,14.21,,,,
5c9fc0fb14910f37d830d54c,dairy,1019,"Cheese, feta",Total lipid (fat),g,21.49,,,,
5c9fc0fb14910f37d830d54d,dairy,1019,"Cheese, feta","Carbohydrate, by difference",g,3.88,,,,
5c9fc0fb14910f37d830d552,dairy,1026,"Cheese, mozzarella, whole milk",Protein,g,22.17,,,,
5c9fc0fb14910f37d830d553,dairy,1026,"Cheese, mozzarella, whole milk",Total lipid (fat),g,22.14,,,,
5c9fc0fb14910f37d830d554,dairy,1026,"Cheese, mozzarella, whole milk","Carbohydrate, by difference",g,2.4,,,,
5c9fc0fb14910f37d830d559,dairy,1056,"Cream, sour, cultured",Protein,g,2.44,,,,
5c9fc0fb14910f37d830d55a,dairy,1056,"Cream, sour, cultured",Total lipid (fat),g,19.35,,,,
5c9fc0fb14910f37d830d55b,dairy,1056,"Cream, sour, cultured","Carbohydrate, by difference",g,4.63,,,,
5c9fc0fb14910f37d830d560,dairy,1107,"Milk, human, mature, fluid",Protein,g,1.03,,,,
5c9fc0fb14910f37d830d561,dairy,1107,"Milk, human, mature, fluid",Total lipid (fat),g,4.38,,,,
5c9fc0fb14910f37d830d562,dairy,1107,"Milk, human, mature, fluid","Carbohydrate, by difference",g,6.89,,,,
5c9fc0fb14910f37d830d567,dairy,1252,"Cheese product, pasteurized process, American, vitamin D fortified",Protein,g,16.09,,,,
5c9fc0fb14910f37d830d568,dairy,1252,"Cheese product, pasteurized process, American, vitamin D fortified",Total lipid (fat),g,23.06,,,,
5c9fc0fb14910f37d830d569,dairy,1252,"Cheese product, pasteurized process, American, vitamin D fortified","Carbohydrate, by difference",g,8.85,,,,
5c9fc0fb14910f37d830d56e,dairy,1293,"Yogurt, Greek, plain, whole milk",Protein,g,9,,,,
5c9fc0fb14910f37d830d56f,dairy,1293,"Yogurt, Greek, plain, whole milk",Total lipid (fat),g,5,,,,
5c9fc0fb14910f37d830d570,dairy,1293,"Yogurt, Greek, plain, whole milk","Carbohydrate, by difference",g,3.98,,,,
5c9fc0fb14910f37d830d575,meats,13346,"Beef, cured, corned beef, brisket, raw",Protein,g,14.68,,,,
5c9fc0fb14910f37d830d576,meats,13346,"Beef, cured, corned beef, brisket, raw",Total lipid (fat),g,14.9,,,,
5c9fc0fb14910f37d830d577,meats,13346,"Beef, cured, corned beef, brisket, raw","Carbohydrate, by difference",g,0.14,,,,
5c9fc0fb14910f37d830d57c,meats,22908,"Beef, corned beef hash, with potato, canned",Protein,g,8.73,,,,
5c9fc0fb14910f37d830d57d,meats,22908,"Beef, corned beef hash, with potato, canned",Total lipid (fat),g,10.24,,,,
5c9fc0fb14910f37d830d57e,meats,22908,"Beef, corned beef hash, with potato, canned","Carbohydrate, by difference",g,9.27,,,,
5c9fc0fb14910f37d830d583,meats,7073,"Sandwich spread, pork, beef",Protein,g,7.66,,,,
5c9fc0fb14910f37d830d584,meats,7073,"Sandwich spread, pork, beef",Total lipid (fat),g,17.34,,,,
5c9fc0fb14910f37d830d585,meats,7073,"Sandwich spread, pork, beef","Carbohydrate, by difference",g,11.94,,,,
5c9fc0fb14910f37d830d58a,meats,19002,"Snacks, beef jerky, chopped and formed",Protein,g,33.2,,,,
5c9fc0fb14910f37d830d58b,meats,19002,"Snacks, beef jerky, chopped and formed",Total lipid (fat),g,25.6,,,,
5c9fc0fb14910f37d830d58c,meats,19002,"Snacks, beef jerky, chopped and formed","Carbohydrate, by difference",g,11,,,,
5c9fc0fb14910f37d830d591,meats,7007,"Bologna, beef",Protein,g,10.91,,,,
5c9fc0fb14910f37d830d592,meats,7007,"Bologna, beef",Total lipid (fat),g,26.13,,,,
5c9fc0fb14910f37d830d593,meats,7007,"Bologna, beef","Carbohydrate, by difference",g,4.29,,,,
5c9fc0fb14910f37d830d598,meats,23090,"Beef, chuck for stew, separable lean and fat, all grades, cooked, braised",Protein,g,32.41,,,,
5c9fc0fb14910f37d830d599,meats,23090,"Beef, chuck for stew, separable lean and fat, all grades, cooked, braised",Total lipid (fat),g,6.82,,,,
5c9fc0fb14910f37d830d59a,meats,23090,"Beef, chuck for stew, separable lean and fat, all grades, cooked, braised","Carbohydrate, by difference",g,0,,,,
5c9fc0fb14910f37d830d59f,meats,13330,"Beef, variety meats and by-products, mechanically separated beef, raw",Protein,g,14.97,,,,
5c9fc0fb14910f37d830d5a0,meats,13330,"Beef, variety meats and by-products, mechanically separated beef, raw",Total lipid (fat),g,23.52,,,,
5c9fc0fb14910f37d830d5a1,meats,13330,"Beef, variety meats and by-products, mechanically separated beef, raw","Carbohydrate, by difference",g,0,,,,
5c9fc0fb14910f37d830d5a6,meats,13317,"Beef, ground, patties, frozen, cooked, broiled",Protein,g,23.05,,,,
5c9fc0fb14910f37d830d5a7,meats,13317,"Beef, ground, patties, frozen, cooked, broiled",Total lipid (fat),g,21.83,,,,
5c9fc0fb14910f37d830d5a8,meats,13317,"Beef, ground, patties, frozen, cooked, broiled","Carbohydrate, by difference",g,0,,,,
5c9fc0fb14910f37d830d5ad,meats,7068,"Salami, cooked, beef",Protein,g,12.6,,,,
5c9fc0fb14910f37d830d5ae,meats,7068,"Salami, cooked, beef",Total lipid (fat),g,22.2,,,,
5c9fc0fb14910f37d830d5af,meats,7068,"Salami, cooked, beef","Carbohydrate, by difference",g,1.9,,,,
5c9fc0fb14910f37d830d5b4,meats,7921,Bacon and beef sticks,Protein,g,29.1,,,,
5c9fc0fb14910f37d830d5b5,meats,7921,Bacon and beef sticks,Total lipid (fat),g,44.2,,,,
5c9fc0fb14910f37d830d5b6,meats,7921,Bacon and beef sticks,"Carbohydrate, by difference",g,0.8,,,,
5c9fc0fb14910f37d830d5bb,meats,13926,"Beef, tenderloin, separable lean and fat, trimmed to 1/8"" fat, prime, raw",Protein,g,18.15,,,,
5c9fc0fb14910f37d830d5bc,meats,13926,"Beef, tenderloin, separable lean and fat, trimmed to 1/8"" fat, prime, raw",Total lipid (fat),g,21.83,,,,
5c9fc0fb14910f37d830d5bd,meats,13926,"Beef, tenderloin, separable lean and fat, trimmed to 1/8"" fat, prime, raw","Carbohydrate, by difference",g,0,,,,
5c9fc0fb14910f37d830d5c2,meats,23136,"Beef, chuck eye Country-Style ribs, boneless, separable lean and fat, trimmed to 0"" fat, select, cooked, braised",Protein,g,28.47,,,,
5c9fc0fb14910f37d830d5c3,meats,23136,"Beef, chuck eye Country-Style ribs, boneless, separable lean and fat, trimmed to 0"" fat, select, cooked, braised",Total lipid (fat),g,19.03,,,,
5c9fc0fb14910f37d830d5c4,meats,23136,"Beef, chuck eye Country-Style ribs, boneless, separable lean and fat, trimmed to 0"" fat, select, cooked, braised","Carbohydrate, by difference",g,0,,,,
5c9fc0fb14910f37d830d5c9,meats,13148,"Beef, rib, shortribs, separable lean and fat, choice, cooked, braised",Protein,g,21.57,,,,
5c9fc0fb14910f37d830d5ca,meats,13148,"Beef, rib, shortribs, separable lean and fat, choice, cooked, braised",Total lipid (fat),g,41.98,,,,
5c9fc0fb14910f37d830d5cb,meats,13148,"Beef, rib, shortribs, separable lean and fat, choice, cooked, braised","Carbohydrate, by difference",g,0,,,,
5c9fc0fb14910f37d830d5d0,meats,7033,Ham and cheese spread,Protein,g,16.18,,,,
5c9fc0fb14910f37d830d5d1,meats,7033,Ham and cheese spread,Total lipid (fat),g,18.53,,,,
5c9fc0fb14910f37d830d5d2,meats,7033,Ham and cheese spread,"Carbohydrate, by difference",g,2.28,,,,
5c9fc0fb14910f37d830d5d7,meats,10153,"Pork, cured, ham, whole, separable lean only, roasted",Protein,g,25.05,,,,
5c9fc0fb14910f37d830d5d8,meats,10153,"Pork, cured, ham, whole, separable lean only, roasted",Total lipid (fat),g,5.5,,,,
5c9fc0fb14910f37d830d5d9,meats,10153,"Pork, cured, ham, whole, separable lean only, roasted","Carbohydrate, by difference",g,0,,,,
5c9fc0fb14910f37d830d5de,meats,10870,"Pork, cured, ham and water product, slice, boneless, separable lean only, heated, pan-broil",Protein,g,15.09,,,,
5c9fc0fb14910f37d830d5df,meats,10870,"Pork, cured, ham and water product, slice, boneless, separable lean only, heated, pan-broil",Total lipid (fat),g,5.06,,,,
5c9fc0fb14910f37d830d5e0,meats,10870,"Pork, cured, ham and water product, slice, boneless, separable lean only, heated, pan-broil","Carbohydrate, by difference",g,4.69,,,,
5c9fc0fb14910f37d830d5e5,meats,15085,"Fish, salmon, sockeye, raw",Protein,g,22.25,,,,
5c9fc0fb14910f37d830d5e6,meats,15085,"Fish, salmon, sockeye, raw",Total lipid (fat),g,4.69,,,,
5c9fc0fb14910f37d830d5e7,meats,15085,"Fish, salmon, sockeye, raw","Carbohydrate, by difference",g,0,,,,
5c9fc0fb14910f37d830d5ec,meats,15084,"Fish, salmon, pink, canned, total can contents",Protein,g,19.68,,,,
5c9fc0fb14910f37d830d5ed,meats,15084,"Fish, salmon, pink, canned, total can contents",Total lipid (fat),g,4.97,,,,
5c9fc0fb14910f37d830d5ee,meats,15084,"Fish, salmon, pink, canned, total can contents","Carbohydrate, by difference",g,0,,,,
5c9fc0fb14910f37d830d5f3,meats,15266,"Fish, pollock, Alaska, raw",Protein,g,17.17,,,,
5c9fc0fb14910f37d830d5f4,meats,15266,"Fish, pollock, Alaska, raw",Total lipid (fat),g,0.82,,,,
5c9fc0fb14910f37d830d5f5,meats,15266,"Fish, pollock, Alaska, raw","Carbohydrate, by difference",g,0,,,,
5c9fc0fb14910f37d830d5fa,meats,15128,"Fish, tuna salad",Protein,g,16.04,,,,
5c9fc0fb14910f37d830d5fb,meats,15128,"Fish, tuna salad",Total lipid (fat),g,9.26,,,,
5c9fc0fb14910f37d830d5fc,meats,15128,"Fish, tuna salad","Carbohydrate, by difference",g,9.41,,,,
5c9fc0fb14910f37d830d601,meats,35157,"Fish, salmon, red, canned, bones removed (Alaska Native)",Protein,g,27.31,,,,
5c9fc0fb14910f37d830d602,meats,35157,"Fish, salmon, red, canned, bones removed (Alaska Native)",Total lipid (fat),g,5.76,,,,
5c9fc0fb14910f37d830d603,meats,35157,"Fish, salmon, red, canned, bones removed (Alaska Native)","Carbohydrate, by difference",g,0,,,,
5c9fc0fb14910f37d830d608,meats,15005,"Fish, bluefish, raw",Protein,g,20.04,,,,
5c9fc0fb14910f37d830d609,meats,15005,"Fish, bluefish, raw",Total lipid (fat),g,4.24,,,,
5c9fc0fb14910f37d830d60a,meats,15005,"Fish, bluefish, raw","Carbohydrate, by difference",g,0,,,,
5c9fc0fb14910f37d830d60f,meats,15009,"Fish, carp, cooked, dry heat",Protein,g,22.86,,,,
5c9fc0fb14910f37d830d610,meats,15009,"Fish, carp, cooked, dry heat",Total lipid (fat),g,7.17,,,,
5c9fc0fb14910f37d830d611,meats,15009,"Fish, carp, cooked, dry heat","Carbohydrate, by difference",g,0,,,,
5c9fc0fb14910f37d830d616,meats,15017,"Fish, cod, Atlantic, canned, solids and liquid",Protein,g,22.76,,,,
5c9fc0fb14910f37d830d617,meats,15017,"Fish, cod, Atlantic, canned, solids and liquid",Total lipid (fat),g,0.86,,,,
5c9fc0fb14910f37d830d618,meats,15017,"Fish, cod, Atlantic, canned, solids and liquid","Carbohydrate, by difference",g,0,,,,
5c9fc0fb14910f37d830d61d,meats,15040,"Fish, herring, Atlantic, cooked, dry heat",Protein,g,23.03,,,,
5c9fc0fb14910f37d830d61e,meats,15040,"Fish, herring, Atlantic, cooked, dry heat",Total lipid (fat),g,11.59,,,,
5c9fc0fb14910f37d830d61f,meats,15040,"Fish, herring, Atlantic, cooked, dry heat","Carbohydrate, by difference",g,0,,,,
5c9fc0fb14910f37d830d624,fruit,9003,"Apples, raw, with skin (Includes foods for USDA's Food Distribution Program)",Protein,g,0.26,,,,
5c9fc0fb14910f37d830d625,fruit,9003,"Apples, raw, with skin (Includes foods for USDA's Food Distribution Program)",Total lipid (fat),g,0.17,,,,
5c9fc0fb14910f37d830d626,fruit,9003,"Apples, raw, with skin (Includes foods for USDA's Food Distribution Program)","Carbohydrate, by difference",g,13.81,,,,
5c9fc0fb14910f37d830d62b,fruit,9252,"Pears, raw",Protein,g,0.36,,,,
5c9fc0fb14910f37d830d62c,fruit,9252,"Pears, raw",Total lipid (fat),g,0.14,,,,
5c9fc0fb14910f37d830d62d,fruit,9252,"Pears, raw","Carbohydrate, by difference",g,15.23,,,,
5c9fc0fb14910f37d830d632,fruit,9236,"Peaches, yellow, raw",Protein,g,0.91,,,,
5c9fc0fb14910f37d830d633,fruit,9236,"Peaches, yellow, raw",Total lipid (fat),g,0.25,,,,
5c9fc0fb14910f37d830d634,fruit,9236,"Peaches, yellow, raw","Carbohydrate, by difference",g,9.54,,,,
5c9fc0fb14910f37d830d639,fruit,9226,"Papayas, raw",Protein,g,0.47,,,,
5c9fc0fb14910f37d830d63a,fruit,9226,"Papayas, raw",Total lipid (fat),g,0.26,,,,
5c9fc0fb14910f37d830d63b,fruit,9226,"Papayas, raw","Carbohydrate, by difference",g,10.82,,,,
5c9fc0fb14910f37d830d640,fruit,9050,"Blueberries, raw",Protein,g,0.74,,,,
5c9fc0fb14910f37d830d641,fruit,9050,"Blueberries, raw",Total lipid (fat),g,0.33,,,,
5c9fc0fb14910f37d830d642,fruit,9050,"Blueberries, raw","Carbohydrate, by difference",g,14.49,,,,
5c9fc0fb14910f37d830d647,fruit,9316,"Strawberries, raw",Protein,g,0.67,,,,
5c9fc0fb14910f37d830d648,fruit,9316,"Strawberries, raw",Total lipid (fat),g,0.3,,,,
5c9fc0fb14910f37d830d649,fruit,9316,"Strawberries, raw","Carbohydrate, by difference",g,7.68,,,,
5c9fc0fb14910f37d830d64e,fruit,9040,"Bananas, raw",Protein,g,1.09,,,,
5c9fc0fb14910f37d830d64f,fruit,9040,"Bananas, raw",Total lipid (fat),g,0.33,,,,
5c9fc0fb14910f37d830d650,fruit,9040,"Bananas, raw","Carbohydrate, by difference",g,22.84,,,,
5c9fc0fb14910f37d830d655,fruit,9148,"Kiwifruit, green, raw",Protein,g,1.14,,,,
5c9fc0fb14910f37d830d656,fruit,9148,"Kiwifruit, green, raw",Total lipid (fat),g,0.52,,,,
5c9fc0fb14910f37d830d657,fruit,9148,"Kiwifruit, green, raw","Carbohydrate, by difference",g,14.66,,,,
5c9fc0fb14910f37d830d65c,fruit,9200,"Oranges, raw, all commercial varieties",Protein,g,0.94,,,,
5c9fc0fb14910f37d830d65d,fruit,9200,"Oranges, raw, all commercial varieties",Total lipid (fat),g,0.12,,,,
5c9fc0fb14910f37d830d65e,fruit,9200,"Oranges, raw, all commercial varieties","Carbohydrate, by difference",g,11.75,,,,
5c9fc0fb14910f37d830d663,fruit,9037,"Avocados, raw, all commercial varieties",Protein,g,2,,,,
5c9fc0fb14910f37d830d664,fruit,9037,"Avocados, raw, all commercial varieties",Total lipid (fat),g,14.66,,,,
5c9fc0fb14910f37d830d665,fruit,9037,"Avocados, raw, all commercial varieties","Carbohydrate, by difference",g,8.53,,,,
5c9fc0fb14910f37d830d66a,fruit,9111,"Grapefruit, raw, pink and red and white, all areas",Protein,g,0.63,,,,
5c9fc0fb14910f37d830d66b,fruit,9111,"Grapefruit, raw, pink and red and white, all areas",Total lipid (fat),g,0.1,,,,
5c9fc0fb14910f37d830d66c,fruit,9111,"Grapefruit, raw, pink and red and white, all areas","Carbohydrate, by difference",g,8.08,,,,
5c9fc0fb14910f37d830d671,fruit,9131,"Grapes, american type (slip skin), raw",Protein,g,0.63,,,,
5c9fc0fb14910f37d830d672,fruit,9131,"Grapes, american type (slip skin), raw",Total lipid (fat),g,0.35,,,,
5c9fc0fb14910f37d830d673,fruit,9131,"Grapes, american type (slip skin), raw","Carbohydrate, by difference",g,17.15,,,,
5c9fc0fb14910f37d830d678,fruit,9070,"Cherries, sweet, raw",Protein,g,1.06,,,,
5c9fc0fb14910f37d830d679,fruit,9070,"Cherries, sweet, raw",Total lipid (fat),g,0.2,,,,
5c9fc0fb14910f37d830d67a,fruit,9070,"Cherries, sweet, raw","Carbohydrate, by difference",g,16.01,,,,
5c9fc0fb14910f37d830d67f,fruit,9150,"Lemons, raw, without peel",Protein,g,1.1,,,,
5c9fc0fb14910f37d830d680,fruit,9150,"Lemons, raw, without peel",Total lipid (fat),g,0.3,,,,
5c9fc0fb14910f37d830d681,fruit,9150,"Lemons, raw, without peel","Carbohydrate, by difference",g,9.32,,,,
5c9fc0fb14910f37d830d686,fruit,9176,"Mangos, raw",Protein,g,0.82,,,,
5c9fc0fb14910f37d830d687,fruit,9176,"Mangos, raw",Total lipid (fat),g,0.38,,,,
5c9fc0fb14910f37d830d688,fruit,9176,"Mangos, raw","Carbohydrate, by difference",g,14.98,,,,
5c9fc0fb14910f37d830d68d,fruit,9159,"Limes, raw",Protein,g,0.7,,,,
5c9fc0fb14910f37d830d68e,fruit,9159,"Limes, raw",Total lipid (fat),g,0.2,,,,
5c9fc0fb14910f37d830d68f,fruit,9159,"Limes, raw","Carbohydrate, by difference",g,10.54,,,,
5c9fc0fb14910f37d830d694,fruit,9279,"Plums, raw",Protein,g,0.7,,,,
5c9fc0fb14910f37d830d695,fruit,9279,"Plums, raw",Total lipid (fat),g,0.28,,,,
5c9fc0fb14910f37d830d696,fruit,9279,"Plums, raw","Carbohydrate, by difference",g,11.42,,,,
5c9fc0fb14910f37d830d69b,fruit,9326,"Watermelon, raw",Protein,g,0.61,,,,
5c9fc0fb14910f37d830d69c,fruit,9326,"Watermelon, raw",Total lipid (fat),g,0.15,,,,
5c9fc0fb14910f37d830d69d,fruit,9326,"Watermelon, raw","Carbohydrate, by difference",g,7.55,,,,
5c9fc0fb14910f37d830d6a2,fruit,9302,"Raspberries, raw",Protein,g,1.2,,,,
5c9fc0fb14910f37d830d6a3,fruit,9302,"Raspberries, raw",Total lipid (fat),g,0.65,,,,
5c9fc0fb14910f37d830d6a4,fruit,9302,"Raspberries, raw","Carbohydrate, by difference",g,11.94,,,,
